{"cameraMode":{"drawMode":0,"name":"Shaded","section":"Shading Mode"},"sceneLighting":false,"audioPlay":false,"sceneViewState":{"m_AlwaysRefresh":false,"showFog":true,"showSkybox":false,"showFlares":true,"showImageEffects":true,"showParticleSystems":true,"showVisualEffectGraphs":true,"m_FxEnabled":true},"in2DMode":false,"pivot":{"x":0.35999998450279238,"y":0.014999999664723874,"z":0.38999998569488528},"rotation":{"x":-0.33990493416786196,"y":0.0019693949725478889,"z":-0.0007233238429762423,"w":-0.9404805898666382},"size":0.5093377828598023,"orthographic":false}